"OriginalPath","Path","SHA256"
"constraints/pynq_z2_board.xdc","constraints/pynq_z2_board.xdc","385EC0A45A43F2197705CAFB91A352D611197B6A2AA480925A132B79DCBFA423"
"constraints/pynqz2_bram_reset.xdc","constraints/pynqz2_bram_reset.xdc","F54F842F83D29F38EA13DB7FBBB02C20362B79D4651414CC55C28ECF010D95B1"
"firmware/prebuilt/transfer_baseline.mem","firmware/images/transfer_baseline.mem","4FD33D2A3DADE381A63F5850F7AFEBA708B51BAAC0DF08B618A59F6B6EB95DE0"
"firmware/prebuilt/transfer_both_unroll4.mem","firmware/images/transfer_both_unroll4.mem","F813ECDE8CD06C9D3644AAFAF7B34E0F4ACDBE9D37DC5E7AEC9A5720FCFBBB0E"
"firmware/prebuilt/transfer_read_unroll4.mem","firmware/images/transfer_read_unroll4.mem","94B7DFBC5D1E9514EB70E6C9025D3320D3D8776AE43FED8FA8F5F0D6A1B09F41"
"firmware/prebuilt/transfer_write_unroll4.mem","firmware/images/transfer_write_unroll4.mem","32B157B4FF5AD11CA2D3A8C28ECF4136A2EC00F7D5EEBBEA72B0DCA17733A9A7"
"firmware/expected_words.h","firmware/include/expected_words.h","7766637D48D071D637AB4FE9B5686B97338C6A32B84483D7A65ABC4217D9463C"
"firmware/link.ld","firmware/linker/link.ld","5655C8968238052FFEA79B09A665075C95C61F5CDE67567E092856F0B48797CF"
"firmware/memory_transfer_compare_firmware.c","firmware/src/memory_transfer_compare_firmware.c","47710D6892E339866D4DB47B484B78F852413DA47E276C5FD46EB5E8C0F6893D"
"hls/src/mlkem_poly_mul256_v39e_true_one_dsp.cpp","hls/src/mlkem_poly_mul256_v39e_true_one_dsp.cpp","8AC558FC50BDA154DC621292A3A75CD1C9FBF82818A54CA80B1CF86F99E11FB9"
"hls/src/mlkem_poly_mul256_v39e_unified_stream_support.cpp","hls/src/mlkem_poly_mul256_v39e_unified_stream_support.cpp","A8B8ABFAB2E11DE7A4AD04D41FB5AA07270A56E4997A65145CD86A1B5A7893AD"
"hls/tb/tb_mlkem_poly_mul256_v39e.cpp","hls/tb/tb_mlkem_poly_mul256_v39e.cpp","EB30C55F48EEF52FD1C94331AA1829A0A9EA1E3F955D4202A572954ADDD569A6"
"rtl/accelerator/mlkem_poly_mul256_v39e_true_one_dsp_ant_RAM_T2P_BRAM_1R1W.v","rtl/accelerator/mlkem_poly_mul256_v39e_true_one_dsp_ant_RAM_T2P_BRAM_1R1W.v","9A51C9930033E43A6E43590E7AAEB9DE88AA9412A57F71FA1FC800F6B33416C6"
"rtl/accelerator/mlkem_poly_mul256_v39e_true_one_dsp_batch39d.v","rtl/accelerator/mlkem_poly_mul256_v39e_true_one_dsp_batch39d.v","A8C3D77F4FCE70FBA2E3CF3854A97D64381D7356E0F899529E00A1EEA0524A97"
"rtl/accelerator/mlkem_poly_mul256_v39e_true_one_dsp_bm_RAM_1P_LUTRAM_1R1W.v","rtl/accelerator/mlkem_poly_mul256_v39e_true_one_dsp_bm_RAM_1P_LUTRAM_1R1W.v","56FB1A30EC152884DF4B8450F9CBFE170B1AE6051EFDCDA43E588A336536D407"
"rtl/accelerator/mlkem_poly_mul256_v39e_true_one_dsp_bnt_RAM_T2P_BRAM_1R1W.v","rtl/accelerator/mlkem_poly_mul256_v39e_true_one_dsp_bnt_RAM_T2P_BRAM_1R1W.v","33F25E2D2776545BB41276DA0A8AF2FAD6BF6886E91995775E9805F270C6F7FB"
"rtl/accelerator/mlkem_poly_mul256_v39e_true_one_dsp_dummy_1_RAM_1P_LUTRAM_0R0W.v","rtl/accelerator/mlkem_poly_mul256_v39e_true_one_dsp_dummy_1_RAM_1P_LUTRAM_0R0W.v","EBC29092BAACE70633AE088F29CE75850E9CDD56CFD1EE5B2DBD8211B42ECECE"
"rtl/accelerator/mlkem_poly_mul256_v39e_true_one_dsp_fifo_w39_d2_S.v","rtl/accelerator/mlkem_poly_mul256_v39e_true_one_dsp_fifo_w39_d2_S.v","4E6C36FA1FA982C6109B88BA6840D7CCCE3536CC2C1F2AE02169201424C476B0"
"rtl/accelerator/mlkem_poly_mul256_v39e_true_one_dsp_fifo_w76_d2_S.v","rtl/accelerator/mlkem_poly_mul256_v39e_true_one_dsp_fifo_w76_d2_S.v","6CA7A2139BAF6E5CD136AC3B18581F90446E3B5739A93F9D24BA05A3AE4D973A"
"rtl/accelerator/mlkem_poly_mul256_v39e_true_one_dsp_flow_control_loop_pipe_sequential_init.v","rtl/accelerator/mlkem_poly_mul256_v39e_true_one_dsp_flow_control_loop_pipe_sequential_init.v","7011F5EF962C674A1CFCF8C9F64E3B8E99F0A96570A0D659A9AD3385CD3063E2"
"rtl/accelerator/mlkem_poly_mul256_v39e_true_one_dsp_flow_control_loop_pipe.v","rtl/accelerator/mlkem_poly_mul256_v39e_true_one_dsp_flow_control_loop_pipe.v","2AA2E408E9A60B8FFFA221BA8D6E3E6EEA1180E0D32F38A80DC1690487406E35"
"rtl/accelerator/mlkem_poly_mul256_v39e_true_one_dsp_issue39d_Pipeline_issue39d_loop_zetas39c_ROM_AUTO_1R.dat","rtl/accelerator/mlkem_poly_mul256_v39e_true_one_dsp_issue39d_Pipeline_issue39d_loop_zetas39c_ROM_AUTO_1R.dat","4FC5DEF86A5A250BDCBA8A24E56CC44FB2F96B1A87D59535A5A63F03F26F271E"
"rtl/accelerator/mlkem_poly_mul256_v39e_true_one_dsp_issue39d_Pipeline_issue39d_loop_zetas39c_ROM_AUTO_1R.v","rtl/accelerator/mlkem_poly_mul256_v39e_true_one_dsp_issue39d_Pipeline_issue39d_loop_zetas39c_ROM_AUTO_1R.v","6929C5BDB1CBB82E3DF08D515AC79C8F9AB2893AE8880DF4E214DD81C38AFED3"
"rtl/accelerator/mlkem_poly_mul256_v39e_true_one_dsp_issue39d_Pipeline_issue39d_loop.v","rtl/accelerator/mlkem_poly_mul256_v39e_true_one_dsp_issue39d_Pipeline_issue39d_loop.v","4F3BD4F5F371DDE635708025183CB634A114B9CC72F36327691983D99030FA9C"
"rtl/accelerator/mlkem_poly_mul256_v39e_true_one_dsp_issue39d.v","rtl/accelerator/mlkem_poly_mul256_v39e_true_one_dsp_issue39d.v","12A9F46545357487CBB2DAAFF21E22712A3195045A80FA28AC0035C25CB15F70"
"rtl/accelerator/mlkem_poly_mul256_v39e_true_one_dsp_mlkem_poly_mul256_v39e_true_one_dsp_Pipeline_load_a39d.v","rtl/accelerator/mlkem_poly_mul256_v39e_true_one_dsp_mlkem_poly_mul256_v39e_true_one_dsp_Pipeline_load_a39d.v","838E2C739487842ED1D89225D63F82B8F8E5069C7908CC6F3456F7AFCAE5522F"
"rtl/accelerator/mlkem_poly_mul256_v39e_true_one_dsp_mlkem_poly_mul256_v39e_true_one_dsp_Pipeline_load_b39d.v","rtl/accelerator/mlkem_poly_mul256_v39e_true_one_dsp_mlkem_poly_mul256_v39e_true_one_dsp_Pipeline_load_b39d.v","A76780CE7EFCDE3F254C6800C251B1ADD725FC4951E4C4A2197EBB683B971961"
"rtl/accelerator/mlkem_poly_mul256_v39e_true_one_dsp_mlkem_poly_mul256_v39e_true_one_dsp_Pipeline_load_i39d.v","rtl/accelerator/mlkem_poly_mul256_v39e_true_one_dsp_mlkem_poly_mul256_v39e_true_one_dsp_Pipeline_load_i39d.v","589F9B6E15D7D538B1EA6470DE1C2931A5666D20491AF9B239FF5AD9E51E2494"
"rtl/accelerator/mlkem_poly_mul256_v39e_true_one_dsp_mlkem_poly_mul256_v39e_true_one_dsp_Pipeline_pack39d.v","rtl/accelerator/mlkem_poly_mul256_v39e_true_one_dsp_mlkem_poly_mul256_v39e_true_one_dsp_Pipeline_pack39d.v","59408A921112C2A403ADCB32049ECC507CF4BBCA8A96EA93EB31415236F63CFB"
"rtl/accelerator/mlkem_poly_mul256_v39e_true_one_dsp_mlkem_poly_mul256_v39e_true_one_dsp_Pipeline_save_a39d.v","rtl/accelerator/mlkem_poly_mul256_v39e_true_one_dsp_mlkem_poly_mul256_v39e_true_one_dsp_Pipeline_save_a39d.v","093B3A97B42E33E39098E22D39497F9E78659A4496BF6F962507702CE9D3079C"
"rtl/accelerator/mlkem_poly_mul256_v39e_true_one_dsp_mlkem_poly_mul256_v39e_true_one_dsp_Pipeline_save_b39d.v","rtl/accelerator/mlkem_poly_mul256_v39e_true_one_dsp_mlkem_poly_mul256_v39e_true_one_dsp_Pipeline_save_b39d.v","85DB9D7E002B928913B1D00E2FB2244FA27261E70847036838DBAEEFDD217F9A"
"rtl/accelerator/mlkem_poly_mul256_v39e_true_one_dsp_mul_12ns_12ns_24_3_1.v","rtl/accelerator/mlkem_poly_mul256_v39e_true_one_dsp_mul_12ns_12ns_24_3_1.v","21A5BF59686934FA457EC6A7F0019FA7673570490687ADD9731B532C22D96B50"
"rtl/accelerator/mlkem_poly_mul256_v39e_true_one_dsp_mul_8ns_5ns_12_2_1.v","rtl/accelerator/mlkem_poly_mul256_v39e_true_one_dsp_mul_8ns_5ns_12_2_1.v","3A9789EF72BBAB2833E4B824D134097750CA3272BA1672ADB70190A41F577C7B"
"rtl/accelerator/mlkem_poly_mul256_v39e_true_one_dsp_pe39c.v","rtl/accelerator/mlkem_poly_mul256_v39e_true_one_dsp_pe39c.v","91CB9A05B1806B653C4C8426E17DAA8DD83356C838C69AE4C1155E7B1342CFEC"
"rtl/accelerator/mlkem_poly_mul256_v39e_true_one_dsp_ping_RAM_T2P_BRAM_1R1W.v","rtl/accelerator/mlkem_poly_mul256_v39e_true_one_dsp_ping_RAM_T2P_BRAM_1R1W.v","79D045E2C7AAD28C97A7F14AAF86B99EBF41D4BF18180612CB643764D89E8FF8"
"rtl/accelerator/mlkem_poly_mul256_v39e_true_one_dsp_sparsemux_7_2_12_1_1.v","rtl/accelerator/mlkem_poly_mul256_v39e_true_one_dsp_sparsemux_7_2_12_1_1.v","1D57FC4607EEBE5EA9C52EF715FBACCBCCED188871DDB8F85A2B0EAEFDBE0404"
"rtl/accelerator/mlkem_poly_mul256_v39e_true_one_dsp_start_for_pe39c_U0.v","rtl/accelerator/mlkem_poly_mul256_v39e_true_one_dsp_start_for_pe39c_U0.v","8972F15DB4A0440650A7B589C030DBFFB8870932E55ED3E498D7B340D9612FD9"
"rtl/accelerator/mlkem_poly_mul256_v39e_true_one_dsp_start_for_write39d_U0.v","rtl/accelerator/mlkem_poly_mul256_v39e_true_one_dsp_start_for_write39d_U0.v","4148E888140AF4DEE7B78A50657FBE7AEB075A880DF2200C06F28CAFAC810623"
"rtl/accelerator/mlkem_poly_mul256_v39e_true_one_dsp_sub_13ns_13ns_13_2_1.v","rtl/accelerator/mlkem_poly_mul256_v39e_true_one_dsp_sub_13ns_13ns_13_2_1.v","AB113CD426B962776A85887C4A9EFA88AD9CA307521A477160B6AE65BDD55E28"
"rtl/accelerator/mlkem_poly_mul256_v39e_true_one_dsp_sub_17ns_17ns_17_2_1.v","rtl/accelerator/mlkem_poly_mul256_v39e_true_one_dsp_sub_17ns_17ns_17_2_1.v","D23CA7280E18948F7E941AACEEB28E4C88AD3A94539527ED75E78B088282ACBA"
"rtl/accelerator/mlkem_poly_mul256_v39e_true_one_dsp_write39d.v","rtl/accelerator/mlkem_poly_mul256_v39e_true_one_dsp_write39d.v","C94425F78953555A7181F6075C33A5F81510896E79917B5AA52B01AEE2043007"
"rtl/accelerator/mlkem_poly_mul256_v39e_true_one_dsp.v","rtl/accelerator/mlkem_poly_mul256_v39e_true_one_dsp.v","BA9D1917D54CAD5B69E3698A265D479BA29C0F9ADD0EA620518B155369A9E646"
"rtl/axi/mlkem_coeff_tdp_ram.v","rtl/axi/mlkem_coeff_tdp_ram.v","9B0DB5FC0997E49E51191FD9B8257B0D7722F3B1347652269422974FC74234D8"
"rtl/axi/mlkem_polymul_axi_wrapper.v","rtl/axi/mlkem_polymul_axi_wrapper.v","3DDA0DB7A5A3E96793ABE042B253CA3AAE242A106238C91EF13FDBBAA60B6F77"
"rtl/board/mlkem_polymul_pynqz2_top.v","rtl/board/mlkem_polymul_pynqz2_top.v","45F1BD1C0795DAFE5FE1B0F2063EDBCAB9812AD5A21AEBB10B40AEA7F0D26AAA"
"rtl/cpu/picorv32.v","rtl/cpu/picorv32.v","FD142889E8178EF67F1CFF17CB2D18B3ADAE56FCAE2BADF7CBCC4C4F5AC7960E"
"rtl/system/mlkem_polymul_rv32i_profile_top.v","rtl/system/mlkem_polymul_rv32i_profile_top.v","30FBA9374FFE8F1020D209E88FD30557608BF03C89ADE01DD592AF34F9D13E80"
"sim/profile/tb_pynqz2_bram_board.sv","tb/board/tb_pynqz2_bram_board.sv","7D2454BB0E8CB03879228B60F3B0DE0A31DB293EC1BFECE3B3D78097E4A25D76"
"sim/profile/tb_pynqz2_profile_vio.sv","tb/board/tb_pynqz2_profile_vio.sv","D227EA2077DEB3B6E4A90BF6B978798117DA131113FC4A650CA2C0C3865EF94A"
"sim/core/tb_v39e_true_one_dsp.sv","tb/core/tb_v39e_true_one_dsp.sv","676E28F036DDF5A3DCD26F84C491B5846975DDB1F5348DB8CD1A9DCDCBADD9E3"
"sim/observer/mlkem_core_cycle_observer.sv","tb/monitors/mlkem_core_cycle_observer.sv","5DA7E6AF4335B5D6B8DE5E8C01D9EA709C7479A1A98ABF8D9967388E21A9C69A"
"sim/profile/tb_bram_wrapper_protocol.sv","tb/protocol/tb_bram_wrapper_protocol.sv","B4C849DF037C343DF938FB85F8FA02F4C8E4E1A0562D86A6C4AD330C40AE02D0"
